{
  "local_passes": 0.0,
  "capture": 0.08463957719296,
  "bottom20": 0.11197612459264752,
  "redundancy": 0.25257709479642265,
  "runtime": 0.014086491140356852,
  "instances": 57.0
}