{
  "radius_km": 1.0,
  "alpha": 0.1,
  "mean_spearman": 0.027344646006442534,
  "mean_nmae": 0.7445186828337895
}