variant,heldout_temporal_demand_capture__mean,normalized_heldout_capture__mean,temporal_incremental_coverage__mean,bottom20_final_coverage__mean,zone_jain__mean,zone_gini__mean,mean_service_distance_km__mean,p95_service_distance_km__mean,redundancy_jaccard__mean
A1_no_temporal,0.12687484008499,0.5379685179551351,0.1231182913432229,0.1708303977019181,0.2925040761463466,0.737985160197989,2.8810919371270223,11.83993878314432,0.0820431281339209
A2_no_existing_network,0.0632674955020134,0.1952694049257487,0.1534765791338633,0.1913707866901698,0.260182718348684,0.7667465415412341,4.058073948142607,17.188494270055706,0.1376417922339113
A3_no_equity,0.112300679932592,0.4513543441644346,0.1505126352868026,0.2477305788272001,0.2908334055258695,0.739797220473299,3.1722685968278386,14.191986034371949,0.0865699708498715
A4_no_local_search,0.12687484008499,0.5379685179551351,0.1231182913432229,0.1708303977019181,0.2925040761463466,0.737985160197989,2.8810919371270223,11.83993878314432,0.0820431281339209
Full,0.12687484008499,0.5379685179551351,0.1231182913432229,0.1708303977019181,0.2925040761463466,0.737985160197989,2.8810919371270223,11.83993878314432,0.0820431281339209
